<yas>

    <scene root="myScene" axis_length="5" />

    <views default="scene_view" >

        <perspective id="scene_view" near="0.1" far="500" angle="23">
            <from x="-10" y="60" z="80" />
            <to x="20" y="0" z="20" />
        </perspective>

        <perspective id="game_view" near="0.1" far="500" angle="23">
            <from x="5" y="15" z="20" />
            <to x="20" y="3" z="20" />
        </perspective>

        <perspective id="playerA" near="0.1" far="500" angle="23">
            <from x="18" y="13" z="30" />
            <to x="20" y="3" z="20" />
        </perspective>

        <perspective id="playerB" near="0.1" far="500" angle="23">
            <from x="18" y="13" z="10" />
            <to x="20" y="3" z="20" />
        </perspective>

    </views>

    <ambient>
        <ambient r="0" g="0" b="0" a="1" />
        <background r="0.8" g="0.4" b="0.2" a="0.8" />
    </ambient>

    <lights>

        <omni id="lightCenter" enabled="1" >
            <location x="20" y="15" z="20" w="0.5" />
            <ambient r="0.5" g="0.5" b="0.5" a="1"/>
            <diffuse r="0.7" g="0.7" b="0.7" a="1"/>
            <specular r="0.7" g="0.7" b="0.7" a="1"/>
        </omni>

        <omni id="lightCorner1" enabled="1" >
            <location x="40" y="15" z="0" w="1" />
            <ambient r="0.1" g="0.1" b="0.1" a="1"/>
            <diffuse r="0.7" g="0.7" b="0.7" a="1"/>
            <specular r="0.7" g="0.7" b="0.7" a="1"/>
        </omni>

        <omni id="lightCorner2" enabled="1" >
            <location x="40" y="15" z="40" w="1" />
            <ambient r="0.1" g="0.1" b="0.1" a="1"/>
            <diffuse r="0.7" g="0.7" b="0.7" a="1"/>
            <specular r="0.7" g="0.7" b="0.7" a="1"/>
        </omni>

        <omni id="lightCorner3" enabled="1" >
            <location x="0" y="15" z="40" w="1" />
            <ambient r="0.1" g="0.1" b="0.1" a="1"/>
            <diffuse r="0.7" g="0.7" b="0.7" a="1"/>
            <specular r="0.7" g="0.7" b="0.7" a="1"/>
        </omni>

        <omni id="lightCorner4" enabled="1" >
            <location x="0" y="15" z="0" w="1" />
            <ambient r="0.1" g="0.1" b="0.1" a="1"/>
            <diffuse r="0.7" g="0.7" b="0.7" a="1"/>
            <specular r="0.7" g="0.7" b="0.7" a="1"/>
        </omni>
        
    </lights>

    <textures>

        <texture id="wallTexture" file="./scenes/images/wallHouse.png" />
        <texture id="floorTexture" file="./scenes/images/floor.png" />
        <texture id="tableTexture" file="./scenes/images/table.png" />
        <texture id="chairTexture" file="./scenes/images/chair.png" />
        <texture id="boardTexture" file="./scenes/images/board.png" />
        <texture id="metalTexture" file="./scenes/images/metal.png" />
        <texture id="tvScreenTexture" file="./scenes/images/tv_screen.png" />
        <texture id="fireTexture" file="./scenes/images/fire.png" />
        <texture id="booksTexture" file="./scenes/images/books.png" />
        <texture id="waterTexture" file="./scenes/images/water.png" />
        <texture id="waterHeightmap" file="./scenes/heightmaps/water.png" />
        <texture id="terrainTexture" file="./scenes/images/terrain.png" />
        <texture id="terrainHeightmap" file="./scenes/heightmaps/terrain.png" />
        <texture id="ballTexture" file="./scenes/images/ball.png" />
        <texture id="metalGridTexture" file="./scenes/images/metal_grid.png" />
        <texture id="controlPanelTexture" file="./scenes/images/control_panel.png" />
        <texture id="spaceTexture" file="./scenes/images/space.png" />
 
    </textures>

    <materials>

        <material id="default" shininess = "10" >
            <emission r="0.0" g="0.0" b="0.0" a="1" />
            <ambient r="0.2" g="0.2" b="0.2" a="1" />
            <diffuse r="0.5" g="0.5" b="0.5" a="1" />
            <specular r="0.5" g="0.5" b="0.5" a="1" />
        </material>

        <material id="floorMaterial" shininess="0.01">
            <emission r="0" g="0" b="0" a="0"/>
            <ambient r="0.98" g="0.98" b="0.87" a="1"/>
            <diffuse r="0.98" g="0.98" b="0.87" a="1"/>
            <specular r="0" g="0" b="0" a="1"/>
        </material>

        <material id="wallMaterial" shininess="1">
            <emission r="0" g="0" b="0" a="0"/>
            <ambient r="1" g="1" b="0.9" a="1"/>
            <diffuse r="1" g="1" b="0.9" a="1"/>
            <specular r="1" g="1" b="0.9" a="1"/>
        </material>

        <material id="tableMaterial" shininess="0.01">
            <emission r="0" g="0" b="0" a="0"/>
            <ambient r="0.4" g="0.2" b="0.1" a="1"/>
            <diffuse r="0.8" g="0.4" b="0.1" a="1"/>
            <specular r="0.4" g="0.2" b="0.1" a="1"/>
        </material>
        
        <material id="tableLegsMaterial" shininess="10">
            <emission r="0" g="0" b="0" a="0"/>
            <ambient r="0.4" g="0.4" b="0.4" a="1"/>
            <diffuse r="0.8" g="0.8" b="0.8" a="1"/>
            <specular r="0.8" g="0.8" b="0.8" a="1"/>
        </material>

        <material id="chairMaterial" shininess="0.01">
            <emission r="0" g="0" b="0" a="0"/>
            <ambient r="0.4" g="0.4" b="0.4" a="1"/>
            <diffuse r="0.8" g="0.8" b="0.8" a="1"/>
            <specular r="0.8" g="0.8" b="0.8" a="1"/>
        </material>

        <material id="greenPieceMaterial" shininess="50">
            <emission r="0" g="0" b="0" a="0"/>
            <ambient r="0" g="0.7" b="0" a="1"/>
            <diffuse r="0" g="0.7" b="0" a="1"/>
            <specular r="1" g="1" b="1" a="1"/>
        </material>

        <material id="redPieceMaterial" shininess="50">
            <emission r="0" g="0" b="0" a="0"/>
            <ambient r="0.7" g="0" b="0" a="1"/>
            <diffuse r="0.7" g="0" b="0" a="1"/>
            <specular r="1" g="1" b="1" a="1"/>
        </material>

        <material id="previewPieceMaterial" shininess="50">
            <emission r="0" g="0" b="0" a="0"/>
            <ambient r="0.7" g="0.7" b="0.7" a="1"/>
            <diffuse r="0.7" g="0.7" b="0.7" a="1"/>
            <specular r="1" g="1" b="1" a="1"/>
        </material>

        <material id="tvMaterial" shininess="100">
            <emission r="0" g="0" b="0" a="0"/>
            <ambient r="0" g="0" b="0" a="1"/>
            <diffuse r="0" g="0" b="0" a="1"/>
            <specular r="0" g="0" b="0" a="1"/>
        </material>

        <material id="tvScreenMaterial" shininess="100">
            <emission r="1" g="1" b="1" a="0"/>
            <ambient r="0" g="0" b="0" a="1"/>
            <diffuse r="0" g="0" b="0" a="1"/>
            <specular r="0" g="0" b="0" a="1"/>
        </material>

        <material id="fireplaceMaterial" shininess="100">
            <emission r="0" g="0" b="0" a="0"/>
            <ambient r="0.1" g="0.1" b="0.1" a="1"/>
            <diffuse r="0.1" g="0.1" b="0.1" a="1"/>
            <specular r="0" g="0" b="0" a="1"/>
        </material>

        <material id="bookcaseMaterial" shininess="100">
            <emission r="0" g="0" b="0" a="0"/>
            <ambient r="0.35" g="0.26" b="0.18" a="1"/>
            <diffuse r="0.35" g="0.26" b="0.18" a="1"/>
            <specular r="0" g="0" b="0" a="1"/>
        </material>

        <material id="couchMaterial" shininess="100">
            <emission r="0" g="0" b="0" a="0"/>
            <ambient r="0.23" g="0.36" b="0.2" a="1"/>
            <diffuse r="0.23" g="0.36" b="0.2" a="1"/>
            <specular r="0" g="0" b="0" a="1"/>
        </material>

        <material id="beachChairMaterial" shininess="100">
            <emission r="0" g="0" b="0" a="0"/>
            <ambient r="0.71" g="0.71" b="0.16" a="1"/>
            <diffuse r="0.71" g="0.71" b="0.16" a="1"/>
            <specular r="0" g="0" b="0" a="1"/>
        </material>

        <material id="metalMaterial" shininess="100">
            <emission r="0" g="0" b="0" a="0"/>
            <ambient r="0.40" g="0.40" b="0.40" a="1"/>
            <diffuse r="0.50" g="0.50" b="0.50" a="1"/>
            <specular r="0.6" g="0.6" b="0.6" a="1"/>
        </material>

        <material id="alienMaterial" shininess="0">
            <emission r="0" g="0" b="0" a="0"/>
            <ambient r="0.1" g="0.5" b="0.1" a="1"/>
            <diffuse r="0.1" g="0.5" b="0.1" a="1"/>
            <specular r="0" g="0" b="0" a="1"/>
        </material>

    </materials>

    <transformations>

        <transformation id="transformationWall">
            <translate x="20" y="9" z="0.25" />
            <scale x="40" y="18" z="0.5" />
        </transformation>

        <transformation id="transformationFloor">
            <translate x="0" y="0.1" z="40" />
            <rotate axis="x" angle="-90" />
            <translate x="20" y="20" z="0" />
            <scale x="40" y="40" z="1" />
        </transformation>

    </transformations>

    <animations>

    </animations>

    <primitives>

        <primitive id="rectangle">          
            <rectangle x1="-0.5" y1="-0.5" x2="0.5" y2="0.5" />      
        </primitive>

        <primitive id="cylinder">
            <cylinder base="0.5" top="0.5" height="1" slices="20" stacks="20" />
        </primitive>

        <primitive id="sphere">
            <sphere radius="0.5" slices="50" stacks="20" />
        </primitive>

        <primitive id="triangle">
            <triangle x1="0" y1="1" z1="0" x2="0" y2="0" z2="0" x3="1" y3="0" z3="0" />
        </primitive>  

        <primitive id="triangle2">
            <triangle x1="0" y1="1" z1="0" x2="1" y2="0" z2="0" x3="0" y3="0" z3="0" />
        </primitive> 

        <primitive id="board">
            <board p1="greenPieceMaterial" p2="redPieceMaterial" preview="previewPieceMaterial"/>
        </primitive>    

        <primitive id="greenPiece">
            <piece npartsU="50" npartsV="50" idmaterial="greenPieceMaterial" />
        </primitive>

        <primitive id="redPiece">
            <piece npartsU="50" npartsV="50" idmaterial="redPieceMaterial" />
        </primitive>
        
        <primitive id="counter">
            <counter/>
        </primitive> 

        <primitive id="vehicle">
            <vehicle/>
        </primitive> 

        <primitive id="water">
            <water idtexture="waterTexture" idwavemap="waterHeightmap" parts="50" heightscale="0.03" texscale="2"/>
        </primitive>

        <primitive id="terrain">
            <terrain idtexture="terrainTexture" idheightmap="terrainHeightmap" parts="50" heightscale="0.4"/>
        </primitive>
                
        <primitive id="couch">
            <objfile file="./scenes/models/couch.obj"/>
        </primitive>

        <primitive id="fireplace">
            <objfile file="./scenes/models/fireplace.obj"/>
        </primitive>

        <primitive id="bookcase">
            <objfile file="./scenes/models/bookcase.obj"/>
        </primitive>

        <primitive id="beach_chair">
            <objfile file="./scenes/models/beach_chair.obj"/>
        </primitive>

        <primitive id="alien">
            <objfile file="./scenes/models/alien.obj"/>
        </primitive>

    </primitives >

    <components>
        <component id="myScene">
            <transformation>
            </transformation>
            <materials>
                <material id="default"/>
            </materials>
            <texture id="none"/>
            <children>
                <componentref id="ambient1" />
                <componentref id="ambient2" />
                <componentref id="ambient3" />
            </children>
        </component>

        <component id="ambient1">
            <transformation>
            </transformation>
            <materials>
                <material id="inherit"/>
            </materials>
            <texture id="inherit"/>
            <children>
                <componentref id="house"/>
                <componentref id="game"/>
                <componentref id="chair_1"/>
                <componentref id="chair_2"/>
                <componentref id="couch"/>
                <componentref id="fireplace"/>
                <componentref id="bookcase"/>
                <componentref id="tv"/>
                <componentref id="fire"/>
                <componentref id="books_1"/>
                <componentref id="books_2"/>
                <componentref id="books_3"/>
                <componentref id="books_4"/> 
            </children>
        </component>

        <component id="ambient2">
            <transformation>
            </transformation>
            <materials>
                <material id="inherit"/>
            </materials>
            <texture id="inherit"/>
            <children>
                <componentref id="sea"/>
                <componentref id="sand"/>
                <componentref id="game"/>
                <componentref id="beach_chair_1"/>
                <componentref id="beach_chair_2"/>
                <componentref id="ball"/>
            </children>
        </component>

        <component id="sea">
            <transformation>
                <translate x="20" y="-1" z="20" />
                <scale x="40" y="20" z="40" />
            </transformation>
            <materials>
                <material id="inherit"/>
            </materials>
            <texture id="none"/>
            <children>
                <primitiveref id="water"/>
            </children>
        </component>

        <component id="sand">
            <transformation>
                <translate x="20" y="-1.5" z="20" />
                <scale x="40" y="6" z="40" />
            </transformation>
            <materials>
                <material id="inherit"/>
            </materials>
            <texture id="none"/>
            <children>
                <primitiveref id="terrain"/>
            </children>
        </component>

        <component id="beach_chair_1">
            <transformation>
                <translate x="20" y="0.2" z="25" />
                <rotate axis="y" angle="180" />
                <scale x="0.005" y="0.005" z="0.005"/>
            </transformation>
            <materials>
                <material id="beachChairMaterial"/>
            </materials>
            <texture id="none"/>
            <children>
                <primitiveref id="beach_chair"/>
            </children>
        </component>

        <component id="beach_chair_2">
            <transformation>
                <translate x="20" y="0.1" z="15" />
                <scale x="0.005" y="0.005" z="0.005"/>
            </transformation>
            <materials>
                <material id="beachChairMaterial"/>
            </materials>
            <texture id="none"/>
            <children>
                <primitiveref id="beach_chair"/>
            </children>
        </component>

        <component id="ball"> 
			<transformation>
                <translate x="15" y="0.5" z="15" />
                <scale x="2" y="2" z="2" />
			</transformation>
			<materials> 
				<material id="inherit" />
			</materials> 
			<texture id="ballTexture" length_s="1.0" length_t="1.0" />
			<children> 
                <primitiveref id="sphere"/>
			</children> 
		</component>

        <component id="fireplace">
            <transformation>
                <translate x="10" y="9" z="5"/>
                <scale x="0.005" y="0.0065" z="0.005"/>
            </transformation>
            <materials>
                <material id="fireplaceMaterial"/>
            </materials>
            <texture id="none"/>
            <children>
                <primitiveref id="fireplace"/>
            </children>
        </component>

        <component id="fire">
            <transformation>
                <translate x="10.2" y="4.2" z="6"/>
                <scale x="6" y="6" z="6"/>
            </transformation>
            <materials>
                <material id="default"/>
            </materials>
            <texture id="fireTexture" length_s="1.0" length_t="1.0" />
            <children>
                <primitiveref id="rectangle"/>
            </children>
        </component>

        <component id="bookcase">
            <transformation>
                <translate x="38" y="0" z="30"/>
                <rotate axis="y" angle="-90" />
                <scale x="0.09" y="0.09" z="0.09"/>
            </transformation>
            <materials>
                <material id="bookcaseMaterial"/>
            </materials>
            <texture id="none"/>
            <children>
                <primitiveref id="bookcase"/>
            </children>
        </component>

        <component id="books_1">
            <transformation>
                <translate x="37" y="5" z="30"/>
                <rotate axis="y" angle="-90" />
                <scale x="6.5" y="3.2" z="1"/>
            </transformation>
            <materials>
                <material id="default"/>
            </materials>
            <texture id="booksTexture" length_s="0.3" length_t="1.0" />
            <children>
                <primitiveref id="rectangle"/>
            </children>
        </component>

        <component id="books_2">
            <transformation>
                <translate x="37" y="8" z="30"/>
                <rotate axis="y" angle="-90" />
                <scale x="6.5" y="3.2" z="1"/>
            </transformation>
            <materials>
                <material id="default"/>
            </materials>
            <texture id="booksTexture" length_s="0.5" length_t="1.0" />
            <children>
                <primitiveref id="rectangle"/>
            </children>
        </component>

        <component id="books_3">
            <transformation>
                <translate x="37" y="11" z="30"/>
                <rotate axis="y" angle="-90" />
                <scale x="6.5" y="3.2" z="1"/>
            </transformation>
            <materials>
                <material id="default"/>
            </materials>
            <texture id="booksTexture" length_s="0.8" length_t="1.0" />
            <children>
                <primitiveref id="rectangle"/>
            </children>
        </component>

        <component id="books_4">
            <transformation>
                <translate x="37" y="14.2" z="30"/>
                <rotate axis="y" angle="-90" />
                <scale x="6.5" y="3.2" z="1"/>
            </transformation>
            <materials>
                <material id="default"/>
            </materials>
            <texture id="booksTexture" length_s="1.0" length_t="1.0" />
            <children>
                <primitiveref id="rectangle"/>
            </children>
        </component>

        <component id="couch">
            <transformation>
                <translate x="28" y="0" z="15"/>
                <rotate axis="y" angle="90" />
                <scale x="0.006" y="0.006" z="0.006"/>
            </transformation>
            <materials>
                <material id="couchMaterial"/>
            </materials>
            <texture id="none"/>
            <children>
                <primitiveref id="couch"/>
            </children>
        </component>

        <component id="tv"> 
			<transformation>
            	<translate x="39.5" y="10" z="13" />
                <rotate axis="y" angle="-90" />
                <scale x="2" y="2" z="2" />
			</transformation>
			<materials> 
				<material id="inherit" />
			</materials> 
			<texture id="none" length_s="1.0" length_t="1.0" />
			<children> 
				<componentref id="tv_box" />
                <componentref id="tv_screen" />
                <componentref id="tv_support" />
			</children> 
		</component>

        <component id="tv_box"> 
			<transformation>
                <translate x="0" y="0" z="0.4" />
                <rotate axis="x" angle="10" />
                <scale x="5" y="3" z="0.1" />
			</transformation>
			<materials> 
				<material id="tvMaterial" />
			</materials> 
			<texture id="none" length_s="1.0" length_t="1.0" />
			<children> 
				<componentref id="cube" />
			</children> 
		</component>

        <component id="tv_screen"> 
			<transformation>
                <translate x="0" y="0" z="0.46" />
                <rotate axis="x" angle="10" />
                <scale x="4.8" y="2.8" z="1" />
			</transformation>
			<materials> 
				<material id="tvScreenMaterial" />
			</materials> 
			<texture id="tvScreenTexture" length_s="1.0" length_t="1.0" />
			<children> 
                <primitiveref id="rectangle"/>
			</children> 
		</component>

        <component id="tv_support"> 
			<transformation>
                <scale x="0.5" y="0.5" z="0.4" />
			</transformation>
			<materials> 
				<material id="tvMaterial" />
			</materials> 
			<texture id="none" length_s="1.0" length_t="1.0" />
			<children> 
				<primitiveref id="cylinder" />
			</children> 
		</component>

        <component id="game">
            <transformation>
                <translate x="20" y="1" z="20" />
            </transformation>
            <materials>
                <material id="inherit"/>
            </materials>
            <texture id="inherit"/>
            <children>
                <componentref id="board"/>
                <componentref id="boardTable"/>
                <componentref id="boardLeg"/>
                <componentref id="counter"/>
                <componentref id="piece1_1"/>
                <componentref id="piece1_2"/>
                <componentref id="piece1_3"/>
                <componentref id="piece1_4"/>
                <componentref id="piece1_5"/>
                <componentref id="piece1_6"/>
                <componentref id="piece1_7"/>
                <componentref id="piece1_8"/>
                <componentref id="piece1_9"/>
                <componentref id="piece2_1"/>
                <componentref id="piece2_2"/>
                <componentref id="piece2_3"/>
                <componentref id="piece2_4"/>
                <componentref id="piece2_5"/>
                <componentref id="piece2_6"/>
                <componentref id="piece2_7"/>
                <componentref id="piece2_8"/>
                <componentref id="piece2_9"/>
            </children>
        </component>

        <component id="board">
            <transformation>
                <translate x="-2.2" y="2.01" z="-1.9" />
            </transformation>
            <materials>
                <material id="inherit"/>
            </materials>
            <texture id="boardTexture" length_s="19" length_t="19"/>
            <children>
                <primitiveref id="board"/>
            </children>
        </component>

        <component id="counter">
            <transformation>
                <translate x="2.3" y="2.3" z="-1.15" />
                <scale x="0.3" y="0.6" z="0.3"/>
                <rotate axis="y" angle="-90" />
            </transformation>
            <materials>
                <material id="inherit"/>
            </materials>
            <texture id="inherit"/>
            <children>
                <primitiveref id="counter"/>
            </children>
        </component>

        <component id="boardTable">
            <transformation>
                <translate x="0" y="1.5" z="0" />
                <scale x="5" y="1" z="5"/>
            </transformation>
            <materials>
                <material id="inherit"/>
            </materials>
            <texture id="tableTexture" length_s="1" length_t="1"/>
            <children>
                <componentref id="cube"/>
            </children>
        </component>

        <component id="boardLeg">
            <transformation>
                <translate x="0" y="0" z="0" />
                <scale x="2.5" y="2" z="2.5"/>
            </transformation>
            <materials>
                <material id="inherit"/>
            </materials>
            <texture id="metalTexture" length_s="1" length_t="1"/>
            <children>
                <componentref id="cube"/>
            </children>
        </component>

        <component id="piece1_1">
            <transformation>
                <translate x="2" y="2.05" z="2.2" />
                <scale x="0.08" y="0.08" z="0.08"/>
            </transformation>
            <materials>
                <material id="inherit"/>
            </materials>
            <texture id="inherit"/>
            <children>
                <primitiveref id="greenPiece"/>
            </children>
        </component>

        <component id="piece1_2">
            <transformation>
                <translate x="2" y="2.13" z="2.2" />
                <scale x="0.08" y="0.08" z="0.08"/>
            </transformation>
            <materials>
                <material id="inherit"/>
            </materials>
            <texture id="inherit"/>
            <children>
                <primitiveref id="greenPiece"/>
            </children>
        </component>

        <component id="piece1_3">
            <transformation>
                <translate x="2" y="2.21" z="2.2" />
                <scale x="0.08" y="0.08" z="0.08"/>
            </transformation>
            <materials>
                <material id="inherit"/>
            </materials>
            <texture id="inherit"/>
            <children>
                <primitiveref id="greenPiece"/>
            </children>
        </component>

        <component id="piece1_4">
            <transformation>
                <translate x="2" y="2.05" z="2" />
                <scale x="0.08" y="0.08" z="0.08"/>
            </transformation>
            <materials>
                <material id="inherit"/>
            </materials>
            <texture id="inherit"/>
            <children>
                <primitiveref id="greenPiece"/>
            </children>
        </component>

        <component id="piece1_5">
            <transformation>
                <translate x="2" y="2.13" z="2" />
                <scale x="0.08" y="0.08" z="0.08"/>
            </transformation>
            <materials>
                <material id="inherit"/>
            </materials>
            <texture id="inherit"/>
            <children>
                <primitiveref id="greenPiece"/>
            </children>
        </component>

        <component id="piece1_6">
            <transformation>
                <translate x="2" y="2.21" z="2" />
                <scale x="0.08" y="0.08" z="0.08"/>
            </transformation>
            <materials>
                <material id="inherit"/>
            </materials>
            <texture id="inherit"/>
            <children>
                <primitiveref id="greenPiece"/>
            </children>
        </component>

        <component id="piece1_7">
            <transformation>
                <translate x="2" y="2.05" z="1.8" />
                <scale x="0.08" y="0.08" z="0.08"/>
            </transformation>
            <materials>
                <material id="inherit"/>
            </materials>
            <texture id="inherit"/>
            <children>
                <primitiveref id="greenPiece"/>
            </children>
        </component>

        <component id="piece1_8">
            <transformation>
                <translate x="2" y="2.13" z="1.8" />
                <scale x="0.08" y="0.08" z="0.08"/>
            </transformation>
            <materials>
                <material id="inherit"/>
            </materials>
            <texture id="inherit"/>
            <children>
                <primitiveref id="greenPiece"/>
            </children>
        </component>

        <component id="piece1_9">
            <transformation>
                <translate x="2" y="2.21" z="1.8" />
                <scale x="0.08" y="0.08" z="0.08"/>
            </transformation>
            <materials>
                <material id="inherit"/>
            </materials>
            <texture id="inherit"/>
            <children>
                <primitiveref id="greenPiece"/>
            </children>
        </component>

        <component id="piece2_1">
            <transformation>
                <translate x="2" y="2.05" z="-2.2" />
                <scale x="0.08" y="0.08" z="0.08"/>
            </transformation>
            <materials>
                <material id="inherit"/>
            </materials>
            <texture id="inherit"/>
            <children>
                <primitiveref id="redPiece"/>
            </children>
        </component>

        <component id="piece2_2">
            <transformation>
                <translate x="2" y="2.13" z="-2.2" />
                <scale x="0.08" y="0.08" z="0.08"/>
            </transformation>
            <materials>
                <material id="inherit"/>
            </materials>
            <texture id="inherit"/>
            <children>
                <primitiveref id="redPiece"/>
            </children>
        </component>

        <component id="piece2_3">
            <transformation>
                <translate x="2" y="2.21" z="-2.2" />
                <scale x="0.08" y="0.08" z="0.08"/>
            </transformation>
            <materials>
                <material id="inherit"/>
            </materials>
            <texture id="inherit"/>
            <children>
                <primitiveref id="redPiece"/>
            </children>
        </component>

        <component id="piece2_4">
            <transformation>
                <translate x="2" y="2.05" z="-2" />
                <scale x="0.08" y="0.08" z="0.08"/>
            </transformation>
            <materials>
                <material id="inherit"/>
            </materials>
            <texture id="inherit"/>
            <children>
                <primitiveref id="redPiece"/>
            </children>
        </component>

        <component id="piece2_5">
            <transformation>
                <translate x="2" y="2.13" z="-2" />
                <scale x="0.08" y="0.08" z="0.08"/>
            </transformation>
            <materials>
                <material id="inherit"/>
            </materials>
            <texture id="inherit"/>
            <children>
                <primitiveref id="redPiece"/>
            </children>
        </component>

        <component id="piece2_6">
            <transformation>
                <translate x="2" y="2.21" z="-2" />
                <scale x="0.08" y="0.08" z="0.08"/>
            </transformation>
            <materials>
                <material id="inherit"/>
            </materials>
            <texture id="inherit"/>
            <children>
                <primitiveref id="redPiece"/>
            </children>
        </component>

        <component id="piece2_7">
            <transformation>
                <translate x="2" y="2.05" z="-1.8" />
                <scale x="0.08" y="0.08" z="0.08"/>
            </transformation>
            <materials>
                <material id="inherit"/>
            </materials>
            <texture id="inherit"/>
            <children>
                <primitiveref id="redPiece"/>
            </children>
        </component>

        <component id="piece2_8">
            <transformation>
                <translate x="2" y="2.13" z="-1.8" />
                <scale x="0.08" y="0.08" z="0.08"/>
            </transformation>
            <materials>
                <material id="inherit"/>
            </materials>
            <texture id="inherit"/>
            <children>
                <primitiveref id="redPiece"/>
            </children>
        </component>

        <component id="piece2_9">
            <transformation>
                <translate x="2" y="2.21" z="-1.8" />
                <scale x="0.08" y="0.08" z="0.08"/>
            </transformation>
            <materials>
                <material id="inherit"/>
            </materials>
            <texture id="inherit"/>
            <children>
                <primitiveref id="redPiece"/>
            </children>
        </component>

        <component id="wall">
            <transformation>
                <transformationref id="transformationWall"/>
            </transformation>
            <materials>
                <material id="inherit"/>
            </materials>
            <texture id="inherit"/>
            <children>
                <componentref id="cube"/>
            </children>
        </component>

        <component id="wall1">
            <transformation>
            </transformation>
            <materials>
                <material id="wallMaterial"/>
            </materials>
            <texture id="wallTexture" length_s="0.3" length_t="0.3" />
            <children>
                <componentref id="wall"/>
            </children>
        </component>

        <component id="wall4">
            <transformation>
                <translate x="40" y="0" z="0" />
                <rotate axis="y" angle="-90" />
            </transformation>
            <materials>
                <material id="wallMaterial"/>
            </materials>
            <texture id="wallTexture" length_s="0.3" length_t="0.3" />
            <children>
                <componentref id="wall"/>
            </children>
        </component>

        <component id="floor">
            <transformation>
                <transformationref id="transformationFloor"/>
            </transformation>
            <materials>
                <material id="floorMaterial"/>
            </materials>
            <texture id="floorTexture" length_s="0.1" length_t="0.1" />
            <children>
                <primitiveref id="rectangle"/>
            </children>
        </component>

        <component id="house">
            <transformation>
            </transformation>
            <materials>
                <material id="inherit"/>
            </materials>
            <texture id="none" length_s="1" length_t="1" />
            <children>
                <componentref id="wall1"/>
                <componentref id="wall4"/>
                <componentref id="floor"/>
            </children>
        </component>

        <component id="cube">
            <transformation>
            </transformation>
            <materials>
                <material id="inherit"/>
            </materials>
            <texture id="inherit"/>
            <children>
                <componentref id="cube_left"/>
                <componentref id="cube_right"/>
                <componentref id="cube_top"/>
                <componentref id="cube_bottom"/>
                <componentref id="cube_front"/>
                <componentref id="cube_back"/>
            </children>
        </component>  

        <component id="cube_left">
            <transformation>
                <translate x="-0.5" y="0" z="0"/>
                <rotate axis="y" angle="-90"/>
            </transformation>
            <materials>
                <material id="inherit"/>
            </materials>
            <texture id="inherit"/>
            <children>
                <primitiveref id="rectangle"/>
            </children>
        </component>

        <component id="cube_right">
            <transformation>
                <translate x="0.5" y="0" z="0"/>
                <rotate axis="y" angle="90"/>
            </transformation>
            <materials>
                <material id="inherit"/>
            </materials>
            <texture id="inherit"/>
            <children>
                <primitiveref id="rectangle"/>
            </children>
        </component>

        <component id="cube_top">
            <transformation>
                <translate x="0" y="0.5" z="0"/>
                <rotate axis="x" angle="-90"/>
            </transformation>
            <materials>
                <material id="inherit"/>
            </materials>
            <texture id="inherit"/>
            <children>
                <primitiveref id="rectangle"/>
            </children>
        </component>

        <component id="cube_bottom">
            <transformation>
                <translate x="0" y="-0.5" z="0"/>
                <rotate axis="x" angle="90"/>
            </transformation>
            <materials>
                <material id="inherit"/>
            </materials>
            <texture id="inherit"/>
            <children>
                <primitiveref id="rectangle"/>
            </children>
        </component>

        <component id="cube_front">
            <transformation>
                <translate x="0" y="0" z="0.5"/>
            </transformation>
            <materials>
                <material id="inherit"/>
            </materials>
            <texture id="inherit"/>
            <children>
                <primitiveref id="rectangle"/>
            </children>
        </component>

        <component id="cube_back">
            <transformation>
                <translate x="0" y="0" z="-0.5"/>
                <rotate axis="y" angle="180"/>
            </transformation>
            <materials>
                <material id="inherit"/>
            </materials>
            <texture id="inherit"/>
            <children>
                <primitiveref id="rectangle"/>
            </children>
        </component>

        <component id="chair_1"> 
			<transformation>
                <translate x="20" y="0" z="25" />
                <rotate axis="y" angle="180" />
			</transformation>
			<materials> 
				<material id="chairMaterial" />
			</materials> 
			<texture id="none" />
			<children> 
				<componentref id="chair" />
			</children> 
		</component>

        <component id="chair_2"> 
			<transformation>
                <translate x="20" y="0" z="15" />
			</transformation>
			<materials> 
				<material id="chairMaterial" />
			</materials> 
			<texture id="none" />
			<children> 
				<componentref id="chair" />
			</children> 
		</component>

        <component id="chair"> 
			<transformation>
                <rotate axis="y" angle="90" />
                <scale x="1.5" y="1.3" z="1.5" />
			</transformation>
			<materials> 
				<material id="inherit" />
			</materials> 
			<texture id="chairTexture" length_s="1.0" length_t="1.0" />
			<children> 
				<componentref id="chair0" />
				<componentref id="chair1" />
				<componentref id="chair2" />
				<componentref id="chair3" />
				<componentref id="chair4" />
				<componentref id="chair5" />
				<componentref id="chair6" />
				<componentref id="chair7" />
			</children> 
		</component>

        <component id="chair0"> 
			<transformation>
				<translate x="-0.8" y="1.0" z="0.8" />
                <scale x="0.2" y="2.0" z="0.2" />
			</transformation>
			<materials> 
				<material id="inherit" />
			</materials> 
			<texture id="metalTexture" length_s="1" length_t="1"/>
			<children> 
				<componentref id="cube" />
			</children> 
		</component>

		<component id="chair1"> 
			<transformation>
                <translate x="0.8" y="1.0" z="0.8" />
                <scale x="0.2" y="2.0" z="0.2" />
			</transformation>
			<materials> 
				<material id="inherit" />
			</materials> 
			<texture id="metalTexture" length_s="1" length_t="1"/>
			<children> 
				<componentref id="cube" />
			</children> 
		</component>

		<component id="chair2"> 
			<transformation>
				<translate x="-0.8" y="1.0" z="-0.8" />
                <scale x="0.2" y="2.0" z="0.2" />
			</transformation>
			<materials> 
				<material id="inherit" />
			</materials> 
			<texture id="metalTexture" length_s="1" length_t="1"/>
			<children> 
				<componentref id="cube" />
			</children> 
		</component>

		<component id="chair3"> 
			<transformation>
				<translate x="0.8" y="1.0" z="-0.8" />
                <scale x="0.2" y="2.0" z="0.2" />
			</transformation>
			<materials> 
				<material id="inherit" />
			</materials> 
			<texture id="metalTexture" length_s="1" length_t="1"/>
			<children> 
				<componentref id="cube" />
			</children> 
		</component>

		<component id="chair4"> 
			<transformation>
				<translate x="0.0" y="2.0" z="0.0" />
                <scale x="2.0" y="0.2" z="2.0" />
			</transformation>
			<materials> 
				<material id="inherit" />
			</materials> 
			<texture id="inherit" length_s="1.0" length_t="1.0" />
			<children> 
				<componentref id="cube" />
			</children> 
		</component>

		<component id="chair5"> 
			<transformation>
				<translate x="0.9" y="2.65" z="0.3" />
                <scale x="0.2" y="1.5" z="0.2" />
			</transformation>
			<materials> 
				<material id="inherit" />
			</materials> 
			<texture id="metalTexture" length_s="1" length_t="1"/>
			<children> 
				<componentref id="cube" />
			</children> 
		</component>
        
		<component id="chair6"> 
			<transformation>
				<translate x="0.9" y="2.65" z="-0.3" />
                <scale x="0.2" y="1.5" z="0.2" />
			</transformation>
			<materials> 
				<material id="inherit" />
			</materials> 
			<texture id="metalTexture" length_s="1" length_t="1"/>
			<children> 
				<componentref id="cube" />
			</children> 
		</component>

		<component id="chair7"> 
			<transformation>
				<translate x="0.9" y="3.5" z="0.0" />
                <rotate axis="z" angle="90" />
                <scale x="1.0" y="0.2" z="2.0" />
			</transformation>
			<materials> 
				<material id="inherit" />
			</materials> 
			<texture id="inherit" length_s="1.0" length_t="1.0" />
			<children> 
				<componentref id="cube" />
			</children> 
		</component>

        <component id="triangle3D"> 
			<transformation>
			</transformation>
			<materials> 
				<material id="inherit" />
			</materials> 
			<texture id="inherit" length_s="1.0" length_t="1.0" />
			<children> 
				<componentref id="triangle3D_1"/>
                <componentref id="triangle3D_2"/>
                <componentref id="triangle3D_3"/>
                <componentref id="triangle3D_4"/>
                <componentref id="triangle3D_5"/>
			</children> 
		</component>  

        <component id="triangle3D_1"> 
			<transformation>
                <translate x="0" y="0" z="0.5"/>
			</transformation>
			<materials> 
				<material id="inherit" />
			</materials> 
			<texture id="inherit" length_s="1.0" length_t="1.0" />
			<children> 
				<primitiveref id="triangle"/>
			</children> 
		</component>

        <component id="triangle3D_2"> 
			<transformation>
                <translate x="0" y="0" z="-0.5"/>
			</transformation>
			<materials> 
				<material id="inherit" />
			</materials> 
			<texture id="inherit" length_s="1.0" length_t="1.0" />
			<children> 
				<primitiveref id="triangle2"/>
			</children> 
		</component>  

        <component id="triangle3D_3"> 
			<transformation>
                <translate x="0.5" y="0.5" z="0"/>
                <rotate axis="z" angle="45"/>
                <rotate axis="y" angle="90"/>
                <scale x="1" y="1.414213" z="1"/>
			</transformation>
			<materials> 
				<material id="inherit" />
			</materials> 
			<texture id="inherit" length_s="1.0" length_t="1.0" />
			<children> 
				<primitiveref id="rectangle"/>
			</children> 
		</component>   

        <component id="triangle3D_4"> 
			<transformation>
                <translate x="0.5" y="0" z="0"/>
                <rotate axis="z" angle="-90"/>
                <rotate axis="y" angle="90"/>
			</transformation>
			<materials> 
				<material id="inherit" />
			</materials> 
			<texture id="inherit" length_s="1.0" length_t="1.0" />
			<children> 
				<primitiveref id="rectangle"/>
			</children> 
		</component>   

        <component id="triangle3D_5"> 
			<transformation>
                <translate x="0" y="0.5" z="0"/>
                <rotate axis="y" angle="-90"/>
			</transformation>
			<materials> 
				<material id="inherit" />
			</materials> 
			<texture id="inherit" length_s="1.0" length_t="1.0" />
			<children> 
				<primitiveref id="rectangle"/>
			</children> 
		</component>            

        <component id="ambient3">
            <transformation>
            </transformation>
            <materials>
                <material id="metalMaterial"/>
            </materials>
            <texture id="inherit"/>
            <children>
                <componentref id="game"/>
                <componentref id="ambient3_floor"/>
                <componentref id="ambient3_wall1"/>
                <componentref id="ambient3_wall2"/>                
                <componentref id="ambient3_vehicle"/>
                <componentref id="ambient3_alien_1"/>
                <componentref id="ambient3_alien_2"/>
                <componentref id="ambient3_alien_3"/>
            </children>
        </component>

        <component id="ambient3_alien_1">
            <transformation>
                <translate x="20" y="0" z="12"/>
                <scale x="10" y="10" z="10"/>
            </transformation>
            <materials>
                <material id="alienMaterial"/>
            </materials>
            <texture id="none"/>
            <children>
                <primitiveref id="alien"/>
            </children>
        </component>

        <component id="ambient3_alien_2">
            <transformation>
                <translate x="20" y="0" z="28"/>
                <rotate axis="y" angle="180"/>
                <scale x="10" y="10" z="10"/>
            </transformation>
            <materials>
                <material id="alienMaterial"/>
            </materials>
            <texture id="none"/>
            <children>
                <primitiveref id="alien"/>
            </children>
        </component>

        <component id="ambient3_alien_3">
            <transformation>
                <translate x="25" y="0" z="7"/>
                <rotate axis="y" angle="90"/>
                <scale x="10" y="10" z="10"/>
            </transformation>
            <materials>
                <material id="alienMaterial"/>
            </materials>
            <texture id="none"/>
            <children>
                <primitiveref id="alien"/>
            </children>
        </component>

        <component id="ambient3_vehicle">
            <transformation>
                <translate x="50" y="20" z="-30"/>
            </transformation>
            <materials>
                <material id="inherit"/>
            </materials>
            <texture id="none"/>
            <children>
                <primitiveref id="vehicle"/>
            </children>
        </component>

        <component id="ambient3_wall2">
            <transformation>
                <translate x="20" y="0" z="-10"/>
            </transformation>
            <materials>
                <material id="inherit"/>
            </materials>
            <texture id="none"/>
            <children>
                <componentref id="ambient3_wall2_1"/>
                <componentref id="ambient3_wall2_2"/>
            </children>
        </component>

        <component id="ambient3_wall2_1">
            <transformation>
                <translate x="1" y="7.5" z="0"/>
                <scale x="22" y="15" z="1"/>
            </transformation>
            <materials>
                <material id="inherit"/>
            </materials>
            <texture id="spaceTexture" length_s="1" length_t="1"/>
            <children>
                <primitiveref id="rectangle"/>
            </children>
        </component>

        <component id="ambient3_wall2_2">
            <transformation>
                <translate x="0" y="0.5" z="2.5"/>
                <scale x="20" y="1" z="5"/>
            </transformation>
            <materials>
                <material id="inherit"/>
            </materials>
            <texture id="none"/>
            <children>
                <componentref id="cube"/>
            </children>
        </component>

        <component id="ambient3_group">
            <transformation>
            </transformation>
            <materials>
                <material id="inherit"/>
            </materials>
                <texture id="spaceTexture" length_s="1" length_t="1"/>
            <children>
                <componentref id="ambient3_bench"/>
                <componentref id="ambient3_window"/>
            </children>
        </component>

        <component id="ambient3_wall1">
            <transformation>
                <translate x="30" y="0" z="49"/>
                <rotate axis="y" angle="180"/>
            </transformation>
            <materials>
                <material id="inherit"/>
            </materials>
            <texture id="none"/>
            <children>
                <componentref id="ambient3_wall1_1"/>
                <componentref id="ambient3_wall1_2"/>
                <componentref id="ambient3_wall1_3"/>
                <componentref id="ambient3_wall1_4"/>
                <componentref id="ambient3_wall1_5"/>
                <componentref id="ambient3_wall1_6"/>
                <componentref id="ambient3_wall1_7"/>
                <componentref id="ambient3_wall1_8"/>
                <componentref id="ambient3_wall1_9"/>
                <componentref id="ambient3_wall1_10"/>
            </children>
        </component>

        <component id="ambient3_wall1_1">
            <transformation>
                <translate x="0" y="0" z="0"/>
            </transformation>
            <materials>
                <material id="inherit"/>
            </materials>
            <texture id="none"/>
            <children>
                <componentref id="ambient3_pilar"/>
            </children>
        </component>

        <component id="ambient3_wall1_2">
            <transformation>
                <translate x="0.5" y="0" z="6"/>
            </transformation>
            <materials>
                <material id="inherit"/>
            </materials>
            <texture id="none"/>
            <children>
                <componentref id="ambient3_group"/>
            </children>
        </component>

        <component id="ambient3_wall1_3">
            <transformation>
                <translate x="0" y="0" z="12"/>
            </transformation>
            <materials>
                <material id="inherit"/>
            </materials>
            <texture id="none"/>
            <children>
                <componentref id="ambient3_pilar"/>
            </children>
        </component>

        <component id="ambient3_wall1_4">
            <transformation>
                <translate x="0.5" y="0" z="18"/>
            </transformation>
            <materials>
                <material id="inherit"/>
            </materials>
            <texture id="none"/>
            <children>
                <componentref id="ambient3_group"/>
            </children>
        </component>

        <component id="ambient3_wall1_5">
            <transformation>
                <translate x="0" y="0" z="24"/>
            </transformation>
            <materials>
                <material id="inherit"/>
            </materials>
            <texture id="none"/>
            <children>
                <componentref id="ambient3_pilar"/>
            </children>
        </component>

        <component id="ambient3_wall1_6">
            <transformation>
                <translate x="0.5" y="0" z="30"/>
            </transformation>
            <materials>
                <material id="inherit"/>
            </materials>
            <texture id="none"/>
            <children>
                <componentref id="ambient3_group"/>
            </children>
        </component>

        <component id="ambient3_wall1_7">
            <transformation>
                <translate x="0" y="0" z="36"/>
            </transformation>
            <materials>
                <material id="inherit"/>
            </materials>
            <texture id="none"/>
            <children>
                <componentref id="ambient3_pilar"/>
            </children>
        </component>

        <component id="ambient3_wall1_8">
            <transformation>
                <translate x="0.5" y="0" z="42"/>
            </transformation>
            <materials>
                <material id="inherit"/>
            </materials>
            <texture id="none"/>
            <children>
                <componentref id="ambient3_group"/>
            </children>
        </component>

        <component id="ambient3_wall1_9">
            <transformation>
                <translate x="0" y="0" z="48"/>
            </transformation>
            <materials>
                <material id="inherit"/>
            </materials>
            <texture id="none"/>
            <children>
                <componentref id="ambient3_pilar"/>
            </children>
        </component>

        <component id="ambient3_wall1_10">
            <transformation>
                <translate x="0.5" y="0" z="54"/>
            </transformation>
            <materials>
                <material id="inherit"/>
            </materials>
            <texture id="none"/>
            <children>
                <componentref id="ambient3_group"/>
            </children>
        </component>


        <component id="ambient3_window">
            <transformation>
                <translate x="-2.5" y="7.5" z="0"/>
                <rotate axis="y" angle="90"/>
                <scale x="10" y="15" z="1"/>
            </transformation>
            <materials>
                <material id="inherit"/>
            </materials>
            <texture id="inherit" length_s="1" length_t="1"/>
            <children>
                <primitiveref id="rectangle"/>
            </children>
        </component>

        <component id="ambient3_bench">
            <transformation>
                <scale x="5" y="2" z="10"/>
            </transformation>
            <materials>
                <material id="inherit"/>
            </materials>
            <texture id="controlPanelTexture" length_s="1" length_t="1"/>
            <children>
                <componentref id="ambient3_bench_1"/>
                <componentref id="ambient3_bench_2"/>
                <componentref id="ambient3_bench_3"/>
            </children>
        </component>

        <component id="ambient3_bench_1">
            <transformation>
                <translate x="0" y="0.25" z="0"/>
                <scale x="1" y="0.5" z="1"/>
            </transformation>
            <materials>
                <material id="inherit"/>
            </materials>
            <texture id="none"/>
            <children>
                <componentref id="cube"/>
            </children>
        </component>

        <component id="ambient3_bench_2">
            <transformation>
                <translate x="-0.5" y="0.5" z="0"/>
            </transformation>
            <materials>
                <material id="inherit"/>
            </materials>
            <texture id="none"/>
            <children>
                <componentref id="triangle3D"/>
            </children>
        </component>

        <component id="ambient3_bench_3">
            <transformation>
                <translate x="0" y="1.001" z="0"/>
                <rotate axis="z" angle="45"/>
                <rotate axis="y" angle="90"/>
                <scale x="1" y="1.414213" z="1"/>
            </transformation>
            <materials>
                <material id="inherit"/>
            </materials>
            <texture id="inherit"/>
            <children>
                <primitiveref id="rectangle"/>
            </children>
        </component>

        <component id="ambient3_pilar">
            <transformation>
            </transformation>
            <materials>
                <material id="inherit"/>
            </materials>
            <texture id="inherit"/>
            <children>
                <componentref id="ambient3_pilar_1"/>
                <componentref id="ambient3_pilar_2"/>
                <componentref id="ambient3_pilar_3"/>
                <componentref id="ambient3_pilar_4"/>
            </children>
        </component>

        <component id="ambient3_pilar_1">
            <transformation>
                <translate x="0" y="7.5" z="0"/>
                <scale x="4" y="15" z="2"/>
            </transformation>
            <materials>
                <material id="inherit"/>
            </materials>
            <texture id="inherit"/>
            <children>
                <componentref id="cube"/>
            </children>
        </component>

        <component id="ambient3_pilar_2">
            <transformation>
                <translate x="0" y="7.5" z="0"/>
                <scale x="4.5" y="4" z="2.5"/>
            </transformation>
            <materials>
                <material id="inherit"/>
            </materials>
            <texture id="inherit"/>
            <children>
                <componentref id="cube"/>
            </children>
        </component>

        <component id="ambient3_pilar_3">
            <transformation>
                <translate x="1" y="0" z="0"/>
                <scale x="4.5" y="5" z="1.9"/>
            </transformation>
            <materials>
                <material id="inherit"/>
            </materials>
            <texture id="inherit"/>
            <children>
                <componentref id="triangle3D"/>
            </children>
        </component>

        <component id="ambient3_pilar_4">
            <transformation>
                <translate x="1" y="15" z="0"/>
                <scale x="4.5" y="5" z="1.9"/>
                <rotate axis="x" angle="180"/>
            </transformation>
            <materials>
                <material id="inherit"/>
            </materials>
            <texture id="inherit"/>
            <children>
                <componentref id="triangle3D"/>
            </children>
        </component>

        <component id="ambient3_floor">
            <transformation>
                <translate x="20" y="0" z="20"/>
            </transformation>
            <materials>
                <material id="inherit"/>
            </materials>
            <texture id="inherit"/>
            <children>
                <componentref id="ambient3_floor_1"/>
                <componentref id="ambient3_floor_2"/>
            </children>
        </component>

        <component id="ambient3_floor_1">
            <transformation>
                <translate x="0" y="0.1" z="0"/>
                <scale x="10" y="1" z="60"/>
                <rotate axis="x" angle="-90"/>
            </transformation>
            <materials>
                <material id="inherit"/>
            </materials>
            <texture id="metalGridTexture" length_s="1" length_t="0.1"/>
            <children>
                <primitiveref id="rectangle"/>
            </children>
        </component>

        <component id="ambient3_floor_2">
            <transformation>
                <scale x="20" y="1" z="60"/>
                <rotate axis="x" angle="-90"/>
            </transformation>
            <materials>
                <material id="inherit"/>
            </materials>
            <texture id="metalTexture" length_s="1" length_t="1"/>
            <children>
                <primitiveref id="rectangle"/>
            </children>
        </component>

    </components>
</yas>
